age_group,absolute_count,percentage
Under 35,9,1.487603305785124
Over 70,38,6.2809917355371905
