age_group,mp_count,mp_percentage,pop_count,pop_percentage,representation_index
18-25,0,0.0,13165545,0.22490562042272375,0.0
26-35,8,0.013223140495867768,6306917,0.10774039972060584,0.12273149654315588
36-45,98,0.16198347107438016,7072203,0.12081369996232197,1.3407707166066245
46-55,236,0.39008264462809916,9145231,0.15622701923574955,2.4968961613449014
56-65,178,0.29421487603305785,9098132,0.15542243197283792,1.8930013660092238
65+,85,0.14049586776859505,13750060,0.23489082868576097,0.5981326242266856
