age_group,absolute_count,percentage
Under 35,8,0.013223140495867768
Over 70,39,0.06446280991735537
