regione,mp_count,mp_percentage,pop_count,pop_percentage
Estero,13,0.021487603305785124,6673604,0.10166228769806927
