genere,absolute_count,percentage
M,399,65.95041322314049
F,206,34.049586776859506
