massimo_titolo_studio,mp_count,mp_percentage,pop_percentage,representation_index
Licenza Media,4,0.006611570247933884,0.345,0.019163971733141695
Diploma,135,0.2231404958677686,0.439,0.5082927012933226
Laurea,464,0.7669421487603306,0.216,3.5506580961126417
