age_group,absolute_count,percentage
Under 35,19185884,32.55476699029835
Over 70,10138691,17.203414921701548
