nascita,absolute_count,percentage
Italia,52297626,88.68328844421254
Estero,6673604,11.316711555787458
