genere,absolute_count,percentage
M,28876799,48.99839188388089
F,30057378,51.0016081161191
